sub,intervention,valence,arousal,willingness,change,stay_home
1,fear,-219,233,100,51,100
1,altruism,52,203,67,66,100
2,fear,-217,223,100,0,75
2,altruism,179,221,100,49,75
3,fear,-163,-13,71,31,69
3,altruism,-153,-240,59,1,69
4,fear,-206,193,92,48,86
4,altruism,213,201,96,70,86
5,fear,-225,235,80,20,90
5,altruism,172,225,100,30,90
6,fear,-63,-89,70,70,70
6,altruism,112,98,60,60,70
7,fear,-205,80,92,81,95
7,altruism,-108,-64,91,31,95
8,fear,-122,68,70,81,86
8,altruism,76,-52,80,80,86
9,fear,0,207,100,0,95
9,altruism,223,6,100,0,95
10,fear,-235,217,88,92,81
10,altruism,203,147,83,79,81
11,fear,-244,244,100,0,100
11,altruism,4,2,100,0,100
12,fear,-157,157,73,37,39
12,altruism,175,75,64,33,39
13,fear,-74,166,82,60,79
13,altruism,61,114,88,59,79
14,fear,-221,195,100,70,90
14,altruism,199,208,100,90,90
15,fear,-238,240,82,63,85
15,altruism,141,136,96,90,85
16,fear,-197,117,100,0,100
16,altruism,189,91,100,0,100
17,fear,-209,-226,90,15,76
17,altruism,163,99,78,59,76
18,fear,-94,198,100,0,100
18,altruism,208,170,100,0,100
19,fear,-181,31,90,10,90
19,altruism,13,137,90,86,90
20,fear,0,0,100,0,100
20,altruism,200,89,100,100,100
21,fear,-164,180,97,51,97
21,altruism,94,-4,100,51,97
22,fear,-246,189,100,82,100
22,altruism,132,51,100,40,100
23,fear,-218,1,81,91,72
23,altruism,223,-1,82,81,72
24,fear,-134,147,80,60,80
24,altruism,5,38,80,51,80
25,fear,-224,85,100,0,95
25,altruism,111,229,100,0,95
26,fear,-224,173,98,93,100
26,altruism,178,55,98,100,100
27,fear,142,-1,90,10,90
27,altruism,210,40,90,0,90
28,fear,-8,50,94,1,86
28,altruism,123,-97,94,50,86
29,fear,-232,200,100,100,92
29,altruism,214,151,83,87,92
30,fear,-230,193,100,0,75
30,altruism,222,-131,100,0,75
31,fear,-249,247,100,100,100
31,altruism,250,117,100,100,100
32,fear,-214,211,96,0,81
32,altruism,85,83,88,0,81
33,fear,234,233,100,0,95
33,altruism,249,248,100,0,95
34,fear,-245,-245,100,100,100
34,altruism,57,51,100,12,100
35,fear,-164,-159,100,43,84
35,altruism,3,5,60,58,84
36,fear,-199,214,91,20,79
36,altruism,160,193,91,32,79
37,fear,-197,107,83,83,85
37,altruism,197,111,73,74,85
38,fear,-119,-113,100,0,100
38,altruism,51,146,100,0,100
39,fear,-199,190,84,93,95
39,altruism,-29,-158,60,48,95
40,fear,-119,75,100,27,100
40,altruism,72,76,100,16,100
41,fear,-246,176,100,10,45
41,altruism,60,187,100,30,45
42,fear,-52,190,99,76,100
42,altruism,111,92,100,92,100
43,fear,-243,-243,70,95,71
43,altruism,239,3,75,39,71
44,fear,-239,-22,100,14,74
44,altruism,168,214,100,0,74
45,fear,-93,-43,95,60,90
45,altruism,45,148,100,70,90
46,fear,-172,79,100,51,100
46,altruism,108,-1,100,49,100
47,fear,-210,214,100,10,90
47,altruism,225,139,100,20,90
48,fear,-235,242,90,87,91
48,altruism,165,232,100,100,91
49,fear,-219,220,80,0,80
49,altruism,34,206,85,0,80
50,fear,-190,200,100,0,90
50,altruism,163,125,100,0,90
51,fear,-38,-2,100,100,100
51,altruism,245,245,100,12,100
52,fear,-232,-238,100,0,90
52,altruism,238,1,100,100,90
53,fear,0,-1,100,0,100
53,altruism,188,138,100,0,100
55,fear,-234,240,100,0,100
55,altruism,224,-1,100,0,100
56,fear,-179,201,100,0,100
56,altruism,33,145,99,0,100
57,fear,-147,208,100,0,80
57,altruism,182,88,100,0,80
58,fear,-216,223,91,100,87
58,altruism,131,109,87,78,87
59,fear,-119,-248,100,1,91
59,altruism,181,45,100,0,91
60,fear,-246,245,100,0,90
60,altruism,248,156,100,30,90
61,fear,-224,-1,100,0,100
61,altruism,230,232,100,100,100
62,fear,-193,221,80,80,95
62,altruism,176,77,80,80,95
63,fear,-82,56,72,15,36
63,altruism,182,27,89,70,36
64,fear,-142,216,70,76,61
64,altruism,144,180,67,66,61
65,fear,-106,201,100,85,80
65,altruism,194,90,65,30,80
66,fear,-43,226,100,0,100
66,altruism,215,212,100,0,100
67,fear,-182,24,81,17,92
67,altruism,234,83,100,51,92
68,fear,-242,-2,49,51,53
68,altruism,119,5,47,44,53
69,fear,-175,155,100,20,100
69,altruism,5,92,100,0,100
70,fear,-208,188,100,0,95
70,altruism,192,196,100,0,95
71,fear,-185,166,100,0,85
71,altruism,132,-1,100,0,85
72,fear,-249,248,100,0,100
72,altruism,62,219,100,0,100
73,fear,-138,18,100,0,100
73,altruism,23,-18,100,0,100
74,fear,-214,244,90,51,96
74,altruism,1,0,100,0,96
75,fear,-238,241,100,0,100
75,altruism,237,35,100,0,100
76,fear,-235,231,72,99,63
76,altruism,19,-26,72,87,63
77,fear,-223,226,99,1,86
77,altruism,136,94,99,2,86
78,fear,-177,208,100,100,80
78,altruism,142,148,100,100,80
79,fear,-190,139,83,73,73
79,altruism,144,-9,93,67,73
80,fear,-232,230,100,1,91
80,altruism,242,226,100,58,91
81,fear,-216,223,100,54,95
81,altruism,229,153,100,45,95
82,fear,-173,136,100,0,95
82,altruism,125,175,100,0,95
83,fear,-220,-2,81,21,61
83,altruism,181,1,85,15,61
84,fear,-246,242,100,0,90
84,altruism,192,88,100,0,90
85,fear,-96,99,100,0,100
85,altruism,149,150,100,0,100
86,fear,-243,243,100,0,100
86,altruism,65,204,100,0,100
87,fear,-187,175,100,0,90
87,altruism,207,145,100,0,90
88,fear,-235,179,100,0,90
88,altruism,213,203,100,0,90
89,fear,-217,148,100,70,90
89,altruism,157,-1,100,80,90
90,fear,-223,121,98,0,98
90,altruism,115,19,100,0,98
91,fear,-128,144,90,27,100
91,altruism,50,62,86,24,100
92,fear,-184,162,100,100,89
92,altruism,199,177,98,98,89
93,fear,-177,166,100,23,100
93,altruism,78,-106,100,13,100
94,fear,-125,181,89,18,21
94,altruism,129,158,16,87,21
95,fear,-241,241,100,0,98
95,altruism,243,183,100,0,98
96,fear,-133,112,80,11,87
96,altruism,139,27,86,9,87
97,fear,-101,93,90,0,87
97,altruism,14,-1,100,0,87
98,fear,-220,150,90,10,90
98,altruism,161,181,95,5,90
99,fear,-155,147,100,0,88
99,altruism,32,175,100,0,88
100,fear,2,-2,51,53,65
100,altruism,0,-1,47,53,65
101,fear,-215,218,100,0,100
101,altruism,-2,-1,100,0,100
102,fear,-206,179,100,100,98
102,altruism,171,174,100,100,98
103,fear,-33,-36,49,48,79
103,altruism,-31,-39,51,49,79
104,fear,-170,202,96,1,89
104,altruism,167,188,95,4,89
105,fear,-221,2,91,100,100
105,altruism,1,173,80,67,100
106,fear,-187,152,100,0,91
106,altruism,208,-95,100,0,91
107,fear,-237,226,100,100,100
107,altruism,158,181,100,100,100
108,fear,-175,116,91,9,89
108,altruism,164,-144,80,6,89
109,fear,-75,41,87,27,95
109,altruism,148,28,90,43,95
110,fear,7,7,92,3,71
110,altruism,194,0,90,45,71
111,fear,-231,207,100,0,92
111,altruism,-1,-9,100,0,92
113,fear,-226,232,100,81,50
113,altruism,65,163,100,20,50
114,fear,-145,88,64,0,69
114,altruism,194,78,60,6,69
115,fear,-233,241,100,50,100
115,altruism,132,132,100,50,100
116,fear,-200,116,95,49,90
116,altruism,98,61,100,22,90
117,fear,-115,184,95,51,94
117,altruism,67,174,93,53,94
118,fear,-169,163,91,62,90
118,altruism,129,28,99,72,90
119,fear,-228,213,100,0,93
119,altruism,237,126,100,0,93
120,fear,-239,-242,100,0,91
120,altruism,238,-67,100,20,91
121,fear,59,-2,100,0,96
121,altruism,32,1,100,0,96
122,fear,-142,218,100,10,75
122,altruism,94,129,100,15,75
123,fear,-223,214,100,100,100
123,altruism,19,201,100,100,100
124,fear,-244,246,100,100,95
124,altruism,246,240,100,60,95
125,fear,-171,96,95,0,91
125,altruism,22,44,100,0,91
126,fear,-192,180,100,100,71
126,altruism,132,78,100,81,71
127,fear,-101,-151,100,50,100
127,altruism,131,191,100,50,100
128,fear,-79,63,95,60,95
128,altruism,-31,-34,100,40,95
129,fear,-105,115,95,51,95
129,altruism,249,162,91,72,95
130,fear,73,96,69,46,78
130,altruism,126,175,85,82,78
131,fear,-84,209,100,0,94
131,altruism,3,162,100,0,94
132,fear,-216,-231,100,0,100
132,altruism,95,211,100,0,100
133,fear,-136,140,95,0,95
133,altruism,217,70,95,0,95
134,fear,-152,187,100,0,80
134,altruism,162,79,100,0,80
135,fear,-235,-23,89,4,90
135,altruism,231,236,99,64,90
137,fear,-243,-239,100,0,100
137,altruism,240,-4,100,0,100
138,fear,-116,115,84,60,77
138,altruism,27,52,85,65,77
139,fear,-229,235,100,10,80
139,altruism,242,138,100,70,80
140,fear,-225,164,93,95,88
140,altruism,171,56,95,78,88
141,fear,-247,248,100,60,70
141,altruism,129,1,100,70,70
142,fear,-195,203,100,0,95
142,altruism,125,131,100,50,95
143,fear,-239,-247,80,50,80
143,altruism,106,2,70,20,80
144,fear,-232,-234,0,90,1
144,altruism,-8,-122,3,100,1
145,fear,61,-52,100,0,90
145,altruism,157,-73,100,0,90
146,fear,-209,185,100,60,93
146,altruism,119,72,100,61,93
147,fear,-247,245,100,0,97
147,altruism,12,139,100,0,97
148,fear,-139,182,95,80,62
148,altruism,203,148,99,88,62
149,fear,-219,47,100,0,82
149,altruism,-2,2,99,1,82
150,fear,-126,82,100,0,90
150,altruism,-24,-65,100,0,90
151,fear,-153,122,95,72,73
151,altruism,154,175,89,81,73
152,fear,-199,219,100,0,60
152,altruism,40,-1,100,0,60
153,fear,-4,-2,50,0,50
153,altruism,-4,-3,50,0,50
154,fear,-245,-248,100,0,90
154,altruism,250,2,100,0,90
155,fear,-229,234,95,60,85
155,altruism,-53,176,95,35,85
156,fear,-136,188,91,70,91
156,altruism,20,34,85,67,91
157,fear,-56,-76,71,79,75
157,altruism,0,-19,60,55,75
158,fear,-108,140,100,0,100
158,altruism,-31,145,100,0,100
159,fear,-239,240,80,50,80
159,altruism,182,137,90,50,80
160,fear,-234,242,100,81,91
160,altruism,237,241,100,0,91
161,fear,-220,228,100,3,100
161,altruism,163,36,100,100,100
162,fear,-214,224,100,0,100
162,altruism,241,237,100,0,100
163,fear,-180,-64,96,4,94
163,altruism,145,56,96,11,94
164,fear,-1,0,80,20,81
164,altruism,2,1,80,10,81
165,fear,-233,232,100,0,100
165,altruism,157,64,100,0,100
166,fear,-219,120,100,0,91
166,altruism,226,-42,100,0,91
167,fear,-246,247,91,79,74
167,altruism,156,151,75,73,74
168,fear,-1,103,100,0,90
168,altruism,233,111,100,0,90
169,fear,-244,224,100,0,90
169,altruism,92,147,100,0,90
170,fear,-200,201,100,10,80
170,altruism,121,115,100,11,80
171,fear,-241,236,100,51,100
171,altruism,64,72,100,56,100
172,fear,-226,81,86,8,82
172,altruism,156,-27,91,61,82
173,fear,-209,148,92,0,88
173,altruism,46,28,92,0,88
174,fear,1,2,100,0,95
174,altruism,232,2,100,0,95
175,fear,-157,191,100,0,91
175,altruism,79,114,100,0,91
176,fear,-235,235,78,51,87
176,altruism,39,76,96,34,87
177,fear,-180,193,100,5,100
177,altruism,-42,97,100,0,100
178,fear,-248,186,96,63,81
178,altruism,97,69,95,61,81
179,fear,-232,230,92,100,90
179,altruism,-16,215,100,0,90
180,fear,-163,196,100,59,95
180,altruism,73,214,99,57,95
181,fear,-193,23,90,85,95
181,altruism,37,150,90,65,95
182,fear,-167,221,80,60,100
182,altruism,191,191,90,95,100
183,fear,-218,193,90,90,60
183,altruism,215,213,90,91,60
184,fear,-196,-35,80,5,85
184,altruism,58,19,80,0,85
185,fear,-152,-179,100,100,100
185,altruism,145,95,100,100,100
186,fear,-218,211,100,100,100
186,altruism,203,196,100,0,100
187,fear,-221,129,90,10,70
187,altruism,192,-1,85,15,70
188,fear,-183,204,100,61,96
188,altruism,215,118,100,61,96
189,fear,-226,154,100,0,100
189,altruism,223,233,100,0,100
190,fear,-179,168,100,0,90
190,altruism,130,0,100,0,90
191,fear,-186,208,92,2,85
191,altruism,191,49,100,3,85
192,fear,-174,119,100,65,90
192,altruism,139,28,100,74,90
193,fear,-154,154,85,20,80
193,altruism,155,107,85,5,80
194,fear,-62,179,80,10,90
194,altruism,-12,22,80,5,90
195,fear,-187,94,100,0,90
195,altruism,136,58,100,0,90
196,fear,-181,193,89,62,80
196,altruism,71,139,87,59,80
197,fear,-146,124,100,100,100
197,altruism,241,240,100,100,100
198,fear,-246,155,100,0,10
198,altruism,-103,52,100,0,10
200,fear,-191,133,98,20,90
200,altruism,216,195,97,79,90
201,fear,-148,70,100,90,90
201,altruism,87,17,100,66,90
202,fear,-219,-217,95,96,98
202,altruism,95,113,100,100,98
203,fear,-234,227,100,100,80
203,altruism,219,103,100,100,80
204,fear,-158,223,82,95,90
204,altruism,136,11,90,100,90
205,fear,21,77,100,0,92
205,altruism,50,183,100,0,92
206,fear,-148,131,95,7,94
206,altruism,93,78,93,17,94
207,fear,-245,241,100,100,90
207,altruism,240,41,100,80,90
208,fear,-240,238,76,77,23
208,altruism,166,135,74,60,23
209,fear,-51,201,100,0,81
209,altruism,109,121,100,0,81
210,fear,-233,97,100,0,100
210,altruism,238,122,100,0,100
211,fear,-215,230,89,98,91
211,altruism,42,107,89,58,91
212,fear,62,-3,100,0,100
212,altruism,239,97,100,0,100
213,fear,-32,127,91,87,86
213,altruism,102,134,90,6,86
214,fear,-152,24,94,52,83
214,altruism,92,1,96,0,83
215,fear,-246,133,20,0,38
215,altruism,-231,62,42,3,38
216,fear,-247,247,100,0,100
216,altruism,245,-242,100,0,100
217,fear,-187,178,100,0,100
217,altruism,204,-16,100,0,100
219,fear,-222,-126,100,0,80
219,altruism,163,41,100,0,80
220,fear,-208,232,100,65,95
220,altruism,171,194,100,70,95
221,fear,-232,-1,100,1,90
221,altruism,0,237,100,0,90
222,fear,-159,225,80,20,88
222,altruism,86,154,80,30,88
223,fear,45,104,81,81,91
223,altruism,121,116,75,78,91
224,fear,-242,240,99,1,100
224,altruism,236,233,100,1,100
225,fear,-225,234,95,10,95
225,altruism,101,43,93,71,95
226,fear,-50,171,80,10,90
226,altruism,-46,84,80,5,90
227,fear,-219,176,100,0,98
227,altruism,239,2,100,0,98
228,fear,-163,199,90,60,80
228,altruism,159,175,80,61,80
229,fear,-134,151,100,0,95
229,altruism,30,168,100,0,95
230,fear,-201,238,90,90,70
230,altruism,152,175,90,71,70
231,fear,-221,225,100,100,91
231,altruism,231,230,100,0,91
232,fear,-225,246,100,0,100
232,altruism,201,229,100,0,100
233,fear,-183,123,85,50,90
233,altruism,235,121,95,80,90
234,fear,-155,149,100,0,100
234,altruism,151,154,100,0,100
235,fear,-224,-229,100,0,100
235,altruism,161,53,100,19,100
236,fear,-230,0,100,0,100
236,altruism,137,74,100,0,100
237,fear,-109,78,100,30,50
237,altruism,108,22,100,30,50
238,fear,-192,222,90,27,88
238,altruism,189,52,86,73,88
239,fear,-139,158,90,70,100
239,altruism,80,122,100,0,100
240,fear,-174,210,100,100,80
240,altruism,155,195,100,100,80
241,fear,-29,6,100,0,100
241,altruism,106,1,100,0,100
242,fear,-134,-1,87,0,95
242,altruism,133,61,89,0,95
243,fear,-126,159,61,82,81
243,altruism,20,16,84,86,81
244,fear,-122,95,100,5,95
244,altruism,18,-78,100,0,95
245,fear,-223,-2,96,100,97
245,altruism,180,-1,100,96,97
246,fear,-235,221,100,0,89
246,altruism,-27,225,100,0,89
247,fear,-175,125,90,10,86
247,altruism,78,93,100,0,86
248,fear,-234,218,100,99,81
248,altruism,119,100,100,99,81
249,fear,-216,224,100,0,100
249,altruism,235,82,100,1,100
250,fear,-190,96,100,60,80
250,altruism,212,1,100,0,80
251,fear,-250,250,97,0,92
251,altruism,16,112,94,95,92
252,fear,-134,145,100,0,98
252,altruism,175,177,100,0,98
253,fear,-43,118,100,0,100
253,altruism,229,128,100,0,100
254,fear,-70,241,100,0,96
254,altruism,85,215,100,0,96
255,fear,33,227,100,0,95
255,altruism,180,151,100,0,95
256,fear,-242,240,100,0,100
256,altruism,202,239,100,0,100
257,fear,-244,242,100,0,100
257,altruism,248,242,100,0,100
258,fear,-170,94,100,0,90
258,altruism,122,1,100,0,90
259,fear,-234,244,100,10,80
259,altruism,159,245,100,30,80
260,fear,-244,243,90,90,72
260,altruism,181,113,85,87,72
261,fear,-245,244,100,50,100
261,altruism,73,234,100,50,100
262,fear,-214,223,99,1,89
262,altruism,120,21,100,1,89
263,fear,-246,242,100,100,100
263,altruism,-135,248,100,20,100
264,fear,-141,162,100,0,95
264,altruism,128,127,100,0,95
265,fear,-143,192,100,0,100
265,altruism,173,224,100,0,100
266,fear,-92,76,100,0,90
266,altruism,94,21,100,0,90
267,fear,-216,218,100,22,80
267,altruism,62,62,100,10,80
268,fear,-205,208,100,81,100
268,altruism,20,-40,100,91,100
269,fear,-242,-250,100,0,60
269,altruism,237,99,100,0,60
270,fear,-185,202,100,0,99
270,altruism,74,125,100,0,99
271,fear,-180,64,100,1,88
271,altruism,141,120,100,60,88
272,fear,-234,187,90,0,95
272,altruism,1,-39,90,0,95
273,fear,-120,105,100,0,100
273,altruism,85,-104,100,0,100
274,fear,-247,101,100,0,90
274,altruism,-1,-1,100,0,90
275,fear,-210,161,89,70,89
275,altruism,18,111,92,64,89
276,fear,-218,205,100,0,95
276,altruism,227,143,100,0,95
277,fear,1,22,61,0,76
277,altruism,-174,74,60,0,76
278,fear,-82,0,100,0,100
278,altruism,95,-1,100,0,100
279,fear,-173,192,100,0,95
279,altruism,111,135,100,0,95
280,fear,-238,227,90,0,92
280,altruism,247,125,95,0,92
281,fear,-86,46,100,25,95
281,altruism,47,30,100,40,95
282,fear,-175,186,100,63,100
282,altruism,99,50,100,63,100
283,fear,-166,208,91,51,91
283,altruism,194,188,94,76,91
284,fear,-83,29,100,50,100
284,altruism,129,39,100,40,100
285,fear,11,236,100,99,92
285,altruism,17,223,100,100,92
286,fear,-148,214,100,100,100
286,altruism,147,210,100,100,100
287,fear,-234,229,70,80,80
287,altruism,199,188,80,85,80
288,fear,-245,200,95,98,90
288,altruism,224,-96,93,12,90
289,fear,-190,221,100,100,95
289,altruism,144,99,100,100,95
290,fear,-245,246,100,0,90
290,altruism,198,239,100,0,90
291,fear,-236,-103,85,50,75
291,altruism,122,36,70,0,75
292,fear,-134,117,100,51,100
292,altruism,113,79,100,51,100
293,fear,-61,-167,100,0,100
293,altruism,145,176,100,0,100
294,fear,-104,125,100,0,90
294,altruism,66,-48,94,0,90
295,fear,-203,221,100,84,89
295,altruism,166,36,98,96,89
296,fear,-175,97,100,0,85
296,altruism,149,85,100,60,85
297,fear,-180,188,100,0,98
297,altruism,223,169,100,0,98
298,fear,-177,185,85,30,80
298,altruism,31,-79,80,31,80
299,fear,-170,88,100,0,72
299,altruism,233,-149,100,0,72
300,fear,-203,191,95,20,80
300,altruism,30,74,100,5,80
301,fear,-117,34,100,0,95
301,altruism,214,132,100,0,95
302,fear,-131,126,100,0,95
302,altruism,41,-174,100,0,95
303,fear,-49,33,100,0,91
303,altruism,16,1,100,0,91
304,fear,-182,177,100,100,90
304,altruism,186,197,100,100,90
305,fear,-231,239,89,51,90
305,altruism,24,29,90,41,90
306,fear,-185,197,80,0,95
306,altruism,53,55,83,28,95
307,fear,-244,249,100,100,100
307,altruism,216,158,100,100,100
308,fear,-203,-27,100,100,83
308,altruism,138,102,68,80,83
309,fear,-129,-151,100,0,95
309,altruism,248,123,100,0,95
310,fear,-197,219,100,0,90
310,altruism,205,-148,100,0,90
311,fear,-219,224,99,98,95
311,altruism,210,141,100,51,95
312,fear,-167,38,100,0,75
312,altruism,39,35,100,0,75
313,fear,-227,226,100,0,91
313,altruism,153,-45,100,0,91
314,fear,-26,-8,100,51,92
314,altruism,223,-42,100,50,92
315,fear,-219,117,100,80,85
315,altruism,237,65,100,0,85
316,fear,-244,241,100,100,100
316,altruism,174,-90,100,100,100
317,fear,-222,233,100,92,90
317,altruism,-161,195,97,29,90
318,fear,-85,89,99,0,100
318,altruism,-55,13,99,0,100
319,fear,-60,53,100,0,100
319,altruism,169,70,100,0,100
320,fear,-221,205,100,0,100
320,altruism,77,191,100,0,100
321,fear,-220,214,99,100,97
321,altruism,241,216,99,99,97
322,fear,-233,239,100,50,100
322,altruism,221,223,100,77,100
324,fear,-161,212,100,70,80
324,altruism,74,150,100,80,80
325,fear,-169,13,81,0,91
325,altruism,0,-176,81,0,91
326,fear,-201,186,85,72,87
326,altruism,44,56,90,74,87
327,fear,-59,203,95,91,100
327,altruism,143,150,95,100,100
328,fear,-235,0,85,85,85
328,altruism,-19,63,85,60,85
329,fear,102,-58,78,66,85
329,altruism,170,174,80,32,85
330,fear,12,-8,100,1,100
330,altruism,212,-2,100,100,100
331,fear,-190,211,100,100,96
331,altruism,71,61,100,100,96
332,fear,-174,47,97,74,100
332,altruism,131,130,98,75,100
333,fear,-235,-4,51,40,50
333,altruism,184,-1,50,40,50
334,fear,-242,250,96,100,90
334,altruism,78,101,100,100,90
335,fear,-222,-2,100,0,99
335,altruism,230,2,100,0,99
336,fear,-15,78,90,0,95
336,altruism,79,79,95,20,95
337,fear,-163,187,95,5,95
337,altruism,158,101,95,5,95
338,fear,-144,125,98,0,77
338,altruism,24,59,96,0,77
339,fear,-244,246,85,100,90
339,altruism,238,93,100,85,90
340,fear,-208,188,92,60,95
340,altruism,-41,-23,85,54,95
341,fear,-230,234,100,0,90
341,altruism,240,114,100,0,90
342,fear,-222,222,94,39,89
342,altruism,188,201,96,65,89
343,fear,-80,-203,95,0,83
343,altruism,110,118,98,4,83
344,fear,-169,170,94,0,78
344,altruism,145,150,91,2,78
345,fear,-201,25,79,21,94
345,altruism,11,175,99,19,94
346,fear,-235,8,100,0,85
346,altruism,-2,-244,69,1,85
347,fear,-239,220,100,0,100
347,altruism,177,75,100,0,100
348,fear,-44,211,92,0,92
348,altruism,161,176,91,51,92
349,fear,-243,-2,100,100,100
349,altruism,239,152,100,100,100
350,fear,-212,142,99,30,90
350,altruism,245,105,100,10,90
351,fear,-199,-3,100,99,94
351,altruism,114,136,100,100,94
352,fear,-206,211,90,51,70
352,altruism,190,47,90,10,70
353,fear,15,249,100,0,82
353,altruism,236,231,99,98,82
354,fear,-206,225,100,100,60
354,altruism,196,41,100,50,60
355,fear,-161,-70,90,39,91
355,altruism,34,-68,100,0,91
356,fear,-166,105,60,20,70
356,altruism,-24,45,60,15,70
358,fear,-97,39,95,20,95
358,altruism,225,65,100,50,95
359,fear,-49,175,100,0,100
359,altruism,124,199,100,0,100
360,fear,-245,-156,99,0,100
360,altruism,124,6,100,0,100
361,fear,-116,130,100,0,91
361,altruism,192,28,100,0,91
362,fear,-192,217,90,0,94
362,altruism,194,-83,98,74,94
363,fear,9,229,100,90,90
363,altruism,184,11,95,91,90
364,fear,-201,203,100,0,98
364,altruism,64,173,100,0,98
365,fear,-1,-241,98,0,100
365,altruism,1,-245,100,0,100
367,fear,-117,180,91,98,61
367,altruism,99,175,96,95,61
368,fear,-220,53,100,1,90
368,altruism,208,-50,99,1,90
370,fear,-247,34,14,0,50
370,altruism,-162,220,11,0,50
371,fear,-40,-38,87,18,87
371,altruism,48,1,90,20,87
373,fear,-207,200,90,91,100
373,altruism,162,104,100,6,100
374,fear,-210,124,100,0,61
374,altruism,192,89,100,0,61
375,fear,-40,40,100,84,87
375,altruism,38,185,100,95,87
376,fear,-152,23,100,0,100
376,altruism,164,44,99,0,100
377,fear,-238,220,100,70,100
377,altruism,108,30,100,56,100
378,fear,-42,118,100,0,96
378,altruism,84,52,100,0,96
379,fear,72,73,85,8,85
379,altruism,0,2,89,1,85
380,fear,-188,-170,95,80,92
380,altruism,188,180,95,90,92
381,fear,-248,143,100,7,91
381,altruism,39,-149,100,0,91
382,fear,-144,1,100,0,85
382,altruism,0,1,100,0,85
383,fear,-109,150,100,0,100
383,altruism,-47,136,100,0,100
384,fear,-130,0,100,20,70
384,altruism,99,1,100,30,70
385,fear,-164,-4,95,0,95
385,altruism,148,16,99,0,95
386,fear,-201,1,70,0,75
386,altruism,-130,-1,70,0,75
387,fear,-232,241,100,0,100
387,altruism,241,1,100,0,100
388,fear,-230,226,95,1,95
388,altruism,234,117,97,97,95
389,fear,-206,115,99,100,90
389,altruism,213,176,100,100,90
390,fear,-225,228,100,89,96
390,altruism,241,225,100,95,96
391,fear,-220,227,100,0,95
391,altruism,222,43,100,0,95
392,fear,79,2,100,0,85
392,altruism,10,-19,100,0,85
393,fear,-207,212,9,42,4
393,altruism,-209,205,64,2,4
394,fear,-237,48,100,0,100
394,altruism,212,-238,100,0,100
395,fear,-233,216,99,100,81
395,altruism,216,213,81,83,81
396,fear,-234,230,100,5,81
396,altruism,-80,131,100,13,81
397,fear,-195,170,80,61,95
397,altruism,121,162,90,81,95
398,fear,-97,96,85,24,60
398,altruism,1,39,70,60,60
399,fear,-239,242,100,0,90
399,altruism,224,218,100,90,90
400,fear,-215,70,100,0,99
400,altruism,115,14,100,0,99
401,fear,-231,228,100,0,70
401,altruism,177,193,100,0,70
402,fear,-99,124,100,22,89
402,altruism,226,179,100,88,89
403,fear,-232,41,100,0,90
403,altruism,236,113,100,0,90
404,fear,-224,171,100,0,90
404,altruism,228,-98,98,0,90
405,fear,-243,239,100,100,75
405,altruism,81,49,100,61,75
406,fear,-220,142,100,0,100
406,altruism,175,91,100,0,100
407,fear,-153,116,100,0,91
407,altruism,192,109,100,0,91
408,fear,-41,2,90,50,90
408,altruism,111,-1,100,50,90
409,fear,-217,242,91,10,92
409,altruism,175,64,95,0,92
410,fear,-197,107,100,0,91
410,altruism,233,204,100,90,91
411,fear,-86,78,100,0,100
411,altruism,146,41,100,0,100
412,fear,-152,28,90,40,80
412,altruism,74,26,70,10,80
413,fear,183,181,95,90,100
413,altruism,198,194,100,95,100
414,fear,-207,216,95,81,70
414,altruism,165,0,95,50,70
416,fear,-71,0,100,100,100
416,altruism,226,0,100,100,100
417,fear,-2,0,100,0,99
417,altruism,178,68,100,0,99
418,fear,-241,169,100,100,100
418,altruism,180,195,100,0,100
419,fear,-214,55,95,0,95
419,altruism,185,136,95,0,95
420,fear,-223,229,100,100,90
420,altruism,173,185,100,100,90
421,fear,-27,15,100,0,100
421,altruism,50,66,100,0,100
422,fear,-208,-208,100,100,85
422,altruism,227,-7,100,100,85
423,fear,-213,-1,100,0,95
423,altruism,246,0,100,0,95
425,fear,1,2,100,0,100
425,altruism,-1,0,100,0,100
426,fear,-231,150,95,9,91
426,altruism,160,237,92,44,91
427,fear,-203,209,100,70,100
427,altruism,177,180,100,0,100
428,fear,0,-175,91,27,86
428,altruism,70,-2,91,36,86
429,fear,-230,225,100,0,95
429,altruism,192,207,100,0,95
430,fear,-230,-234,100,63,100
430,altruism,45,-146,100,70,100
431,fear,-184,141,100,71,91
431,altruism,126,1,100,90,91
432,fear,-1,1,51,0,51
432,altruism,2,0,51,0,51
433,fear,-1,97,100,0,100
433,altruism,123,71,100,0,100
434,fear,-210,232,100,70,72
434,altruism,242,119,100,52,72
435,fear,-3,51,100,100,100
435,altruism,248,-9,100,100,100
436,fear,-232,243,100,10,100
436,altruism,236,145,100,0,100
437,fear,-53,168,95,0,90
437,altruism,188,109,100,39,90
438,fear,-208,220,100,66,100
438,altruism,180,96,60,64,100
439,fear,1,-5,92,16,88
439,altruism,215,-6,100,97,88
440,fear,-129,1,100,0,100
440,altruism,231,59,100,20,100
441,fear,-155,164,90,75,90
441,altruism,55,36,85,20,90
442,fear,-130,46,100,100,100
442,altruism,84,74,100,100,100
443,fear,-232,218,100,100,67
443,altruism,173,65,100,38,67
444,fear,-248,176,100,80,95
444,altruism,208,129,100,80,95
445,fear,0,-115,20,0,10
445,altruism,2,-75,0,0,10
446,fear,-242,242,100,80,90
446,altruism,222,223,100,90,90
448,fear,-227,135,100,0,90
448,altruism,203,96,100,0,90
449,fear,-95,90,91,8,88
449,altruism,135,151,93,8,88
450,fear,-230,202,100,60,99
450,altruism,194,173,100,55,99
452,fear,-119,119,100,0,100
452,altruism,227,226,100,0,100
453,fear,-243,243,100,0,95
453,altruism,246,240,100,100,95
454,fear,-8,145,100,0,100
454,altruism,223,237,100,0,100
455,fear,-155,150,100,0,100
455,altruism,175,74,100,0,100
456,fear,-132,44,4,0,91
456,altruism,-240,-149,0,0,91
457,fear,-14,2,97,0,88
457,altruism,164,-1,98,0,88
458,fear,-244,242,100,0,100
458,altruism,248,-133,100,0,100
459,fear,-184,191,90,0,95
459,altruism,13,91,95,0,95
460,fear,-144,4,100,91,71
460,altruism,1,2,100,100,71
461,fear,-245,214,100,100,80
461,altruism,57,-1,100,100,80
462,fear,210,12,69,23,83
462,altruism,192,170,100,1,83
463,fear,-237,103,65,0,85
463,altruism,-9,30,80,0,85
464,fear,-198,-228,100,0,92
464,altruism,241,62,100,0,92
465,fear,-213,144,90,0,80
465,altruism,161,1,90,90,80
466,fear,-122,206,85,80,80
466,altruism,199,130,80,65,80
467,fear,46,148,90,95,90
467,altruism,212,157,90,95,90
468,fear,-190,169,97,2,94
468,altruism,152,114,99,57,94
469,fear,-244,241,100,0,94
469,altruism,50,42,100,0,94
470,fear,-158,123,90,80,80
470,altruism,97,145,81,80,80
471,fear,-246,240,100,0,100
471,altruism,122,73,100,0,100
472,fear,-218,210,100,0,90
472,altruism,116,179,100,0,90
473,fear,-84,90,91,28,81
473,altruism,175,77,94,51,81
474,fear,172,1,100,0,100
474,altruism,36,-1,90,15,100
475,fear,159,137,99,23,100
475,altruism,243,154,100,8,100
476,fear,2,220,90,95,90
476,altruism,194,114,90,95,90
477,fear,-143,173,100,100,90
477,altruism,218,211,100,100,90
478,fear,-3,-2,70,0,75
478,altruism,242,242,100,4,75
479,fear,0,140,76,74,86
479,altruism,184,-1,84,68,86
480,fear,-201,234,100,0,100
480,altruism,239,205,100,0,100
481,fear,-212,222,91,7,82
481,altruism,213,224,97,3,82
482,fear,-219,234,100,52,97
482,altruism,121,120,100,100,97
483,fear,-130,-125,91,84,99
483,altruism,135,66,77,70,99
484,fear,0,1,100,0,100
484,altruism,248,1,100,0,100
486,fear,-233,216,85,89,95
486,altruism,93,68,90,68,95
487,fear,179,-2,100,0,96
487,altruism,224,-5,100,0,96
488,fear,5,212,100,0,89
488,altruism,210,234,100,0,89
490,fear,-147,183,100,1,100
490,altruism,151,142,100,0,100
491,fear,-197,213,100,100,90
491,altruism,213,210,100,100,90
492,fear,-238,236,100,0,99
492,altruism,190,65,100,0,99
493,fear,-52,51,95,0,95
493,altruism,29,77,100,0,95
494,fear,-220,224,100,0,100
494,altruism,1,175,100,0,100
495,fear,-240,237,90,0,90
495,altruism,216,79,95,0,90
496,fear,-225,228,99,0,98
496,altruism,172,128,98,0,98
497,fear,-99,-57,100,0,95
497,altruism,189,68,100,0,95
498,fear,-227,218,100,100,100
498,altruism,205,190,100,100,100
499,fear,-229,-4,93,0,94
499,altruism,102,2,71,74,94
500,fear,-167,153,100,100,100
500,altruism,135,31,100,0,100
501,fear,-205,142,95,60,96
501,altruism,161,77,95,55,96
503,fear,206,114,75,0,85
503,altruism,91,-145,75,5,85
504,fear,-240,228,91,100,87
504,altruism,133,203,96,100,87
505,fear,-81,227,90,0,90
505,altruism,177,103,95,55,90
506,fear,-239,239,100,1,10
506,altruism,25,207,99,1,10
507,fear,-234,50,100,100,90
507,altruism,18,86,100,10,90
508,fear,-242,-245,19,0,20
508,altruism,1,1,0,0,20
509,fear,-49,-139,90,0,90
509,altruism,116,1,90,0,90
510,fear,-49,228,100,0,96
510,altruism,181,-60,100,0,96
511,fear,-245,111,100,0,100
511,altruism,248,42,100,100,100
512,fear,-236,0,100,0,90
512,altruism,236,0,100,0,90
513,fear,-176,185,100,27,92
513,altruism,86,43,100,30,92
514,fear,2,179,90,0,70
514,altruism,244,-2,90,0,70
515,fear,-182,39,99,80,97
515,altruism,70,28,99,75,97
517,fear,-247,246,100,0,95
517,altruism,248,247,100,0,95
518,fear,2,235,100,0,100
518,altruism,248,245,100,0,100
519,fear,1,-2,90,0,95
519,altruism,98,0,91,0,95
520,fear,-10,42,100,2,92
520,altruism,31,38,100,2,92
521,fear,-97,40,100,0,93
521,altruism,154,151,100,0,93
522,fear,0,-1,100,100,100
522,altruism,3,-1,100,0,100
523,fear,-180,173,97,20,98
523,altruism,222,48,95,20,98
524,fear,-181,47,100,0,99
524,altruism,182,123,100,0,99
525,fear,-241,195,90,50,75
525,altruism,246,157,100,50,75
526,fear,-201,196,95,96,89
526,altruism,34,102,96,91,89
527,fear,-219,218,100,100,91
527,altruism,249,8,100,100,91
528,fear,-246,188,100,0,97
528,altruism,136,3,100,0,97
529,fear,2,142,100,0,35
529,altruism,247,250,100,0,35
530,fear,-226,238,100,0,97
530,altruism,208,126,100,0,97
531,fear,3,3,79,79,71
531,altruism,91,112,100,100,71
532,fear,-229,-242,82,2,100
532,altruism,2,3,100,0,100
533,fear,-147,152,98,10,87
533,altruism,132,182,96,2,87
534,fear,3,244,100,0,55
534,altruism,232,8,100,0,55
535,fear,-93,120,85,84,90
535,altruism,153,77,95,95,90
536,fear,-235,205,100,0,95
536,altruism,-66,166,100,0,95
537,fear,-238,241,90,0,90
537,altruism,144,173,91,0,90
538,fear,-217,237,81,30,20
538,altruism,230,219,75,30,20
539,fear,-212,222,100,100,81
539,altruism,141,130,100,100,81
541,fear,-238,192,100,20,80
541,altruism,-207,153,100,66,80
542,fear,-42,-2,100,0,90
542,altruism,222,-1,100,0,90
543,fear,-41,-51,80,60,90
543,altruism,56,197,90,90,90
544,fear,-33,26,100,0,0
544,altruism,1,2,100,0,0
545,fear,-227,175,100,100,85
545,altruism,129,66,100,70,85
546,fear,1,237,100,0,99
546,altruism,246,0,100,0,99
547,fear,-225,222,100,0,100
547,altruism,15,86,100,0,100
548,fear,1,2,100,0,100
548,altruism,237,126,100,0,100
550,fear,-127,205,93,50,94
550,altruism,227,145,100,0,94
551,fear,-179,98,94,0,98
551,altruism,102,0,100,100,98
552,fear,-137,160,91,10,91
552,altruism,29,22,99,91,91
553,fear,-195,206,98,100,80
553,altruism,24,183,95,95,80
554,fear,-244,243,100,80,100
554,altruism,0,43,100,85,100
555,fear,-232,-144,80,0,34
555,altruism,25,24,100,0,34
556,fear,-172,-181,68,68,80
556,altruism,157,184,75,78,80
557,fear,-239,211,80,20,97
557,altruism,151,33,90,50,97
558,fear,-201,35,97,21,82
558,altruism,204,39,100,11,82
559,fear,-122,210,100,100,50
559,altruism,148,163,100,100,50
560,fear,-223,-2,100,0,95
560,altruism,223,0,100,0,95
561,fear,-228,-216,100,0,94
561,altruism,223,-198,100,0,94
562,fear,3,178,100,96,95
562,altruism,194,0,98,82,95
563,fear,-131,153,100,100,90
563,altruism,101,207,98,99,90
564,fear,-226,0,100,1,100
564,altruism,227,-13,100,0,100
565,fear,-233,230,100,5,100
565,altruism,216,215,90,80,100
567,fear,5,-218,25,25,0
567,altruism,238,-2,51,51,0
568,fear,-234,235,100,0,85
568,altruism,209,229,100,0,85
569,fear,-244,244,100,0,91
569,altruism,218,229,100,0,91
570,fear,-217,188,100,0,81
570,altruism,195,157,100,0,81
572,fear,-241,237,40,60,40
572,altruism,86,54,40,30,40
573,fear,-204,77,97,4,81
573,altruism,218,-173,100,61,81
574,fear,-78,84,100,0,50
574,altruism,155,81,100,0,50
575,fear,-81,-69,100,10,82
575,altruism,242,242,100,0,82
576,fear,-237,-236,100,0,37
576,altruism,47,-36,100,60,37
577,fear,-134,148,81,70,78
577,altruism,95,114,67,64,78
578,fear,-80,100,100,0,100
578,altruism,142,-217,100,0,100
579,fear,-173,176,99,98,85
579,altruism,121,23,97,98,85
580,fear,-213,236,100,0,93
580,altruism,108,128,99,1,93
581,fear,-153,-153,100,100,0
581,altruism,118,137,100,100,0
582,fear,-220,171,98,0,83
582,altruism,204,200,100,0,83
583,fear,-187,193,100,0,95
583,altruism,112,134,100,0,95
584,fear,-53,89,100,0,100
584,altruism,245,109,100,0,100
586,fear,2,-234,75,0,75
586,altruism,235,-2,80,0,75
587,fear,-246,149,100,0,100
587,altruism,244,91,100,0,100
588,fear,-189,77,100,0,95
588,altruism,31,88,100,3,95
589,fear,-131,163,100,50,85
589,altruism,147,51,100,0,85
590,fear,-186,214,75,60,81
590,altruism,187,64,80,70,81
591,fear,-219,224,100,60,100
591,altruism,190,49,100,51,100
592,fear,-115,234,100,100,97
592,altruism,166,165,100,0,97
593,fear,-207,46,100,0,91
593,altruism,239,-1,100,0,91
594,fear,-233,234,91,24,98
594,altruism,182,163,81,87,98
595,fear,-114,211,81,55,75
595,altruism,145,62,77,67,75
596,fear,-152,136,100,100,80
596,altruism,171,188,100,100,80
597,fear,-225,220,100,0,100
597,altruism,242,122,100,0,100
598,fear,-161,89,90,80,80
598,altruism,80,72,95,90,80
599,fear,-3,-4,98,51,100
599,altruism,20,12,99,51,100
600,fear,-1,186,100,100,95
600,altruism,178,3,100,100,95
601,fear,-154,0,100,0,95
601,altruism,200,-1,100,0,95
602,fear,-236,239,100,0,82
602,altruism,-54,233,100,0,82
603,fear,1,220,100,100,100
603,altruism,222,-3,100,100,100
604,fear,-233,236,100,0,80
604,altruism,225,74,100,50,80
605,fear,-211,230,100,100,95
605,altruism,86,128,100,90,95
606,fear,-173,216,99,62,91
606,altruism,205,127,97,70,91
607,fear,-249,220,100,60,95
607,altruism,92,-29,100,50,95
608,fear,-247,26,100,0,92
608,altruism,247,0,100,0,92
609,fear,-39,-150,100,0,100
609,altruism,46,-2,100,0,100
610,fear,-235,184,100,0,100
610,altruism,239,65,100,0,100
611,fear,-209,147,100,0,90
611,altruism,-16,-2,100,0,90
612,fear,21,-24,100,0,96
612,altruism,238,240,100,0,96
613,fear,-67,125,52,21,60
613,altruism,102,3,54,16,60
614,fear,201,3,72,56,47
614,altruism,233,4,72,55,47
615,fear,-220,-1,96,100,90
615,altruism,229,3,100,100,90
616,fear,-217,236,80,29,87
616,altruism,2,185,68,51,87
617,fear,-216,4,100,99,96
617,altruism,219,2,100,0,96
618,fear,-243,244,100,50,85
618,altruism,241,55,100,20,85
619,fear,-240,238,100,100,91
619,altruism,185,2,100,95,91
620,fear,-218,220,100,100,95
620,altruism,198,71,100,100,95
621,fear,-233,110,100,0,100
621,altruism,55,25,100,0,100
622,fear,-80,-1,91,90,90
622,altruism,1,0,84,72,90
623,fear,-116,191,99,98,82
623,altruism,196,69,98,25,82
624,fear,-238,214,100,80,100
624,altruism,137,108,100,53,100
625,fear,-195,103,100,81,90
625,altruism,141,-59,100,51,90
626,fear,0,155,100,96,95
626,altruism,232,-5,100,83,95
627,fear,-174,224,95,9,95
627,altruism,171,67,95,68,95
628,fear,-225,222,99,88,96
628,altruism,171,79,92,84,96
629,fear,3,-1,99,82,96
629,altruism,8,2,100,51,96
630,fear,-217,225,100,0,81
630,altruism,203,223,100,0,81
631,fear,-197,213,91,2,76
631,altruism,83,101,92,2,76
632,fear,-192,-196,80,10,90
632,altruism,209,-118,70,20,90
633,fear,-227,-2,100,0,98
633,altruism,97,-1,98,0,98
634,fear,-162,34,100,0,90
634,altruism,2,13,100,0,90
635,fear,-235,239,100,1,29
635,altruism,31,219,100,0,29
636,fear,3,129,100,60,85
636,altruism,198,1,100,0,85
637,fear,-163,193,99,0,90
637,altruism,166,143,100,0,90
638,fear,-216,240,90,0,80
638,altruism,241,236,100,70,80
639,fear,-230,232,100,80,88
639,altruism,-3,8,79,15,88
640,fear,127,1,100,0,90
640,altruism,196,-1,100,0,90
641,fear,203,-1,91,88,95
641,altruism,219,-3,99,94,95
642,fear,-244,232,85,95,86
642,altruism,170,-52,84,76,86
646,fear,-232,68,25,1,10
646,altruism,-135,131,25,10,10
648,fear,-247,229,100,100,95
648,altruism,179,87,100,100,95
649,fear,-182,157,100,0,95
649,altruism,155,-58,100,0,95
650,fear,-220,209,86,79,77
650,altruism,50,42,73,71,77
651,fear,-200,-210,87,31,90
651,altruism,-165,-164,79,52,90
652,fear,-249,-50,90,65,84
652,altruism,200,226,90,39,84
653,fear,-229,-227,100,99,92
653,altruism,207,46,99,98,92
654,fear,-240,138,80,10,91
654,altruism,50,67,100,10,91
655,fear,-241,243,100,0,100
655,altruism,34,47,100,0,100
657,fear,-66,-59,100,0,70
657,altruism,1,-1,100,0,70
658,fear,-209,65,100,0,100
658,altruism,111,2,100,0,100
660,fear,-223,206,100,0,100
660,altruism,227,238,100,0,100
661,fear,-220,2,100,0,100
661,altruism,240,2,100,0,100
662,fear,-205,198,100,0,88
662,altruism,168,122,100,0,88
664,fear,-241,241,82,86,33
664,altruism,93,115,74,69,33
665,fear,-245,211,97,0,92
665,altruism,224,244,98,2,92
666,fear,-214,226,100,88,82
666,altruism,212,87,100,93,82
667,fear,-202,7,100,0,90
667,altruism,0,15,100,0,90
669,fear,-227,229,95,91,85
669,altruism,193,191,90,81,85
670,fear,-226,212,100,0,96
670,altruism,-8,214,100,0,96
671,fear,-214,222,100,0,90
671,altruism,17,214,100,0,90
672,fear,180,134,83,77,83
672,altruism,68,63,100,91,83
673,fear,-223,233,96,95,92
673,altruism,212,227,99,99,92
674,fear,-248,237,98,0,82
674,altruism,235,219,100,0,82
676,fear,-187,161,100,0,100
676,altruism,165,152,100,0,100
677,fear,6,164,100,0,100
677,altruism,121,153,100,0,100
678,fear,-104,-172,98,100,90
678,altruism,91,72,100,100,90
679,fear,5,4,100,0,50
679,altruism,235,8,100,0,50
680,fear,-237,215,100,0,100
680,altruism,136,93,100,0,100
681,fear,-213,106,100,50,99
681,altruism,29,136,95,81,99
682,fear,-181,-105,100,100,100
682,altruism,200,199,100,83,100
683,fear,-199,224,81,60,72
683,altruism,222,232,93,40,72
684,fear,-177,173,100,20,90
684,altruism,164,202,100,0,90
685,fear,-224,1,93,60,77
685,altruism,1,-5,57,59,77
686,fear,-4,10,100,0,90
686,altruism,103,98,100,0,90
687,fear,-127,126,100,70,99
687,altruism,28,16,100,51,99
688,fear,-231,74,100,0,95
688,altruism,208,60,100,0,95
689,fear,-195,-181,100,0,100
689,altruism,157,119,100,0,100
692,fear,-222,241,99,1,99
692,altruism,143,218,100,0,99
693,fear,-29,4,100,100,95
693,altruism,137,0,100,97,95
694,fear,-243,243,100,0,30
694,altruism,163,216,100,0,30
695,fear,-238,240,100,100,100
695,altruism,60,204,100,100,100
696,fear,-165,220,100,0,100
696,altruism,135,64,100,0,100
697,fear,-225,-2,100,0,90
697,altruism,241,0,100,0,90
698,fear,-172,114,95,51,96
698,altruism,140,153,98,51,96
700,fear,-117,144,100,0,90
700,altruism,80,-2,100,0,90
701,fear,-224,225,97,0,81
701,altruism,179,206,94,0,81
702,fear,-193,173,100,0,95
702,altruism,38,21,100,0,95
703,fear,-205,213,98,60,99
703,altruism,215,197,99,4,99
704,fear,-127,-1,100,100,100
704,altruism,146,2,100,50,100
705,fear,-164,59,72,93,88
705,altruism,33,1,71,20,88
706,fear,-172,61,100,0,92
706,altruism,132,104,100,0,92
707,fear,-233,236,100,55,97
707,altruism,76,-1,100,0,97
709,fear,-215,136,100,94,100
709,altruism,177,98,100,89,100
710,fear,-204,206,100,0,90
710,altruism,212,226,100,80,90
711,fear,-249,247,100,100,90
711,altruism,182,92,100,100,90
712,fear,1,245,95,0,95
712,altruism,-22,-1,95,0,95
713,fear,-229,224,98,98,84
713,altruism,75,68,98,65,84
714,fear,-45,-16,98,5,71
714,altruism,55,29,96,0,71
715,fear,-211,12,97,0,98
715,altruism,233,17,99,100,98
716,fear,-233,234,100,71,100
716,altruism,157,143,100,86,100
718,fear,-243,240,96,100,95
718,altruism,70,0,100,0,95
719,fear,0,137,100,0,100
719,altruism,207,46,100,0,100
720,fear,-71,129,100,0,94
720,altruism,163,160,99,0,94
721,fear,-134,180,100,57,82
721,altruism,200,157,100,46,82
722,fear,-222,235,100,100,100
722,altruism,223,233,100,100,100
723,fear,-234,132,96,1,87
723,altruism,169,-30,98,1,87
724,fear,-199,211,100,0,99
724,altruism,248,133,100,100,99
725,fear,-242,240,100,0,100
725,altruism,-68,212,100,0,100
726,fear,-216,-205,91,0,91
726,altruism,248,-1,92,0,91
727,fear,-227,214,100,0,98
727,altruism,128,88,100,0,98
728,fear,-219,31,90,0,68
728,altruism,240,144,90,63,68
729,fear,-231,224,100,0,95
729,altruism,62,-164,100,0,95
730,fear,-222,197,96,70,90
730,altruism,219,45,95,87,90
731,fear,-247,249,100,100,90
731,altruism,109,159,100,100,90
732,fear,-8,215,100,87,89
732,altruism,166,216,99,35,89
733,fear,-237,222,100,55,81
733,altruism,181,-93,30,29,81
734,fear,-74,179,100,7,100
734,altruism,184,93,100,21,100
735,fear,-113,106,95,5,95
735,altruism,175,40,95,20,95
736,fear,-226,75,90,25,95
736,altruism,77,-53,90,12,95
737,fear,-140,175,100,10,85
737,altruism,216,205,100,40,85
739,fear,-235,239,60,80,59
739,altruism,138,171,57,65,59
740,fear,-30,2,100,98,81
740,altruism,14,111,76,86,81
741,fear,-236,3,100,61,89
741,altruism,54,-2,99,62,89
742,fear,-179,195,90,25,80
742,altruism,109,184,95,25,80
743,fear,-231,-3,100,0,80
743,altruism,103,-4,100,0,80
744,fear,-247,250,100,0,10
744,altruism,54,-152,100,0,10
745,fear,-215,54,100,20,51
745,altruism,117,102,100,20,51
746,fear,-172,215,88,86,86
746,altruism,163,125,86,85,86
747,fear,-240,247,100,0,95
747,altruism,246,247,100,0,95
748,fear,-233,225,100,100,81
748,altruism,221,199,100,0,81
749,fear,0,0,100,0,100
749,altruism,232,4,100,0,100
751,fear,-149,62,100,0,90
751,altruism,31,72,100,0,90
752,fear,-172,203,100,100,91
752,altruism,112,203,100,100,91
753,fear,-207,216,83,74,91
753,altruism,215,-68,91,68,91
754,fear,-210,55,85,0,90
754,altruism,219,77,90,95,90
755,fear,-240,196,100,0,95
755,altruism,114,29,100,0,95
756,fear,126,-22,100,21,100
756,altruism,242,241,100,0,100
757,fear,-76,84,85,62,91
757,altruism,173,69,90,68,91
758,fear,-217,48,95,4,100
758,altruism,228,12,94,3,100
759,fear,-226,-213,100,0,95
759,altruism,180,1,95,5,95
760,fear,-191,186,100,0,98
760,altruism,108,19,100,0,98
761,fear,-198,62,99,100,100
761,altruism,200,86,100,100,100
762,fear,-108,115,100,0,100
762,altruism,180,115,100,0,100
763,fear,-142,168,85,29,90
763,altruism,-38,34,95,17,90
764,fear,-234,229,92,92,71
764,altruism,136,189,100,90,71
765,fear,-188,-183,80,83,76
765,altruism,208,217,75,86,76
766,fear,-153,127,100,23,100
766,altruism,142,-106,100,31,100
767,fear,-192,-195,95,0,95
767,altruism,124,-10,90,0,95
768,fear,-129,123,71,70,100
768,altruism,194,182,72,76,100
769,fear,-227,-2,100,0,99
769,altruism,1,213,100,0,99
770,fear,-3,232,100,1,100
770,altruism,108,-2,99,0,100
771,fear,-80,-71,100,100,100
771,altruism,1,1,78,80,100
772,fear,-230,233,99,99,97
772,altruism,240,239,99,100,97
773,fear,-205,220,100,0,76
773,altruism,215,-135,100,0,76
774,fear,-106,154,94,4,90
774,altruism,198,155,100,2,90
775,fear,-219,-240,100,100,100
775,altruism,43,-20,100,100,100
776,fear,-179,201,90,0,89
776,altruism,167,211,93,0,89
777,fear,-124,116,91,25,94
777,altruism,75,41,96,48,94
778,fear,-215,72,100,17,100
778,altruism,99,71,100,0,100
779,fear,-175,59,100,0,100
779,altruism,234,235,100,0,100
780,fear,-213,216,100,100,100
780,altruism,201,-53,100,100,100
781,fear,-239,207,100,0,100
781,altruism,201,190,100,0,100
782,fear,-248,70,100,100,95
782,altruism,230,235,100,100,95
783,fear,-185,203,91,20,85
783,altruism,187,213,100,29,85
784,fear,-239,49,90,30,65
784,altruism,1,8,100,75,65
785,fear,-242,244,100,100,100
785,altruism,97,57,100,100,100
786,fear,-242,241,90,8,87
786,altruism,167,223,100,0,87
787,fear,-242,164,95,7,82
787,altruism,202,166,98,0,82
788,fear,-244,168,62,13,4
788,altruism,224,225,32,2,4
789,fear,-248,-245,95,90,97
789,altruism,243,68,93,96,97
790,fear,-233,135,81,63,80
790,altruism,112,13,84,61,80
791,fear,-245,231,13,12,77
791,altruism,135,125,41,8,77
792,fear,-233,223,100,100,100
792,altruism,66,168,100,100,100
793,fear,-247,246,100,0,70
793,altruism,174,205,100,0,70
794,fear,-170,179,95,9,16
794,altruism,20,20,92,6,16
795,fear,-233,238,90,80,83
795,altruism,10,96,83,76,83
796,fear,-168,-121,90,80,80
796,altruism,100,175,90,80,80
797,fear,-110,1,100,0,100
797,altruism,118,-3,100,0,100
798,fear,-111,102,95,2,91
798,altruism,160,161,93,94,91
799,fear,-217,157,94,80,99
799,altruism,123,99,98,51,99
800,fear,-132,182,100,0,90
800,altruism,192,62,100,0,90
801,fear,-94,205,90,10,80
801,altruism,-53,39,100,40,80
802,fear,-118,-216,100,90,100
802,altruism,-69,-205,100,60,100
803,fear,-196,196,78,63,73
803,altruism,142,141,79,72,73
804,fear,-170,235,96,74,95
804,altruism,185,220,95,86,95
805,fear,-150,170,100,0,95
805,altruism,168,-155,100,0,95
806,fear,-171,218,100,71,91
806,altruism,121,130,100,60,91
807,fear,-177,-206,100,0,80
807,altruism,-4,-2,100,2,80
808,fear,-237,3,100,0,100
808,altruism,133,0,100,0,100
809,fear,-247,0,100,100,92
809,altruism,249,5,100,100,92
810,fear,2,229,100,0,92
810,altruism,238,5,100,0,92
811,fear,-238,152,99,59,100
811,altruism,188,206,99,0,100
812,fear,1,85,100,0,100
812,altruism,234,3,100,0,100
813,fear,-151,147,100,100,95
813,altruism,153,177,100,100,95
814,fear,-220,0,100,100,98
814,altruism,98,0,100,100,98
815,fear,3,231,100,100,87
815,altruism,236,-4,100,100,87
816,fear,-200,38,100,0,96
816,altruism,72,48,100,0,96
818,fear,-182,-175,95,100,95
818,altruism,241,142,94,91,95
819,fear,-226,-186,90,92,83
819,altruism,-2,0,71,81,83
820,fear,-226,222,100,0,98
820,altruism,114,141,100,0,98
822,fear,-205,55,100,0,100
822,altruism,147,15,100,0,100
823,fear,-101,198,100,0,97
823,altruism,239,168,100,0,97
824,fear,2,-1,100,0,100
824,altruism,225,3,100,0,100
825,fear,-187,185,60,0,60
825,altruism,-87,51,60,0,60
826,fear,-218,224,100,100,100
826,altruism,5,223,100,99,100
827,fear,-249,249,100,0,90
827,altruism,248,111,100,0,90
828,fear,-221,-26,100,70,91
828,altruism,244,25,100,64,91
829,fear,-170,231,100,0,100
829,altruism,1,167,100,0,100
830,fear,-236,65,98,0,99
830,altruism,202,1,99,0,99
831,fear,-177,18,100,100,85
831,altruism,237,236,100,100,85
832,fear,3,174,100,0,100
832,altruism,213,136,100,100,100
833,fear,-92,188,90,10,90
833,altruism,23,176,90,10,90
834,fear,3,131,100,51,99
834,altruism,187,-4,100,90,99
835,fear,-197,-5,98,96,96
835,altruism,208,-6,99,99,96
836,fear,188,-150,90,0,90
836,altruism,156,-114,95,0,90
837,fear,-173,211,100,0,99
837,altruism,81,207,100,0,99
838,fear,-241,138,100,0,100
838,altruism,242,131,100,0,100
839,fear,-240,5,90,0,70
839,altruism,246,-1,90,2,70
840,fear,-148,153,95,100,96
840,altruism,162,124,95,94,96
841,fear,-204,12,93,1,90
841,altruism,170,-15,95,4,90
842,fear,-109,1,100,100,100
842,altruism,230,1,100,100,100
843,fear,22,-164,100,10,77
843,altruism,51,-188,100,7,77
844,fear,-241,-30,100,0,100
844,altruism,2,-184,100,0,100
845,fear,1,95,100,0,90
845,altruism,211,2,100,0,90
846,fear,-213,212,100,0,100
846,altruism,224,234,100,0,100
847,fear,-137,132,95,0,92
847,altruism,60,42,100,0,92
848,fear,-130,-35,100,0,100
848,altruism,41,-154,100,0,100
849,fear,-242,243,100,100,76
849,altruism,240,239,100,100,76
850,fear,-233,215,90,0,100
850,altruism,220,-108,100,100,100
851,fear,-219,212,100,0,98
851,altruism,235,166,100,0,98
852,fear,-230,-134,65,0,86
852,altruism,122,-84,66,3,86
853,fear,-220,222,81,95,91
853,altruism,234,234,95,93,91
854,fear,-233,239,91,100,85
854,altruism,2,227,91,0,85
855,fear,3,193,86,98,85
855,altruism,-138,0,83,37,85
856,fear,-161,1,81,70,81
856,altruism,1,167,83,86,81
857,fear,2,236,100,100,100
857,altruism,240,-3,100,100,100
858,fear,-156,-177,99,1,86
858,altruism,-71,161,100,1,86
859,fear,-189,-58,95,0,96
859,altruism,108,15,95,0,96
860,fear,-229,165,100,100,94
860,altruism,101,159,100,0,94
861,fear,2,228,100,0,95
861,altruism,176,1,100,0,95
862,fear,-1,214,100,100,100
862,altruism,166,1,100,0,100
863,fear,4,0,99,51,81
863,altruism,221,60,99,96,81
864,fear,-162,95,91,0,89
864,altruism,193,85,91,1,89
865,fear,-244,237,100,0,44
865,altruism,-1,235,100,0,44
866,fear,-141,217,100,44,88
866,altruism,12,181,100,83,88
867,fear,-238,-43,91,100,81
867,altruism,238,240,100,100,81
868,fear,-47,-39,68,67,66
868,altruism,70,117,70,63,66
869,fear,-190,171,91,90,91
869,altruism,184,181,93,51,91
870,fear,-226,160,100,51,100
870,altruism,249,-3,100,50,100
871,fear,1,206,90,75,90
871,altruism,34,1,90,10,90
872,fear,61,4,100,0,100
872,altruism,227,2,100,90,100
873,fear,-218,221,99,55,82
873,altruism,210,65,100,1,82
874,fear,-161,214,100,100,90
874,altruism,243,241,100,100,90
875,fear,-40,35,93,98,95
875,altruism,156,171,95,100,95
876,fear,87,3,93,90,82
876,altruism,89,41,88,88,82
877,fear,-231,233,100,0,100
877,altruism,211,99,100,0,100
878,fear,-228,3,90,0,94
878,altruism,177,2,92,0,94
879,fear,-233,178,80,57,69
879,altruism,-94,-26,31,29,69
880,fear,204,-18,100,0,93
880,altruism,237,232,99,1,93
881,fear,1,231,100,0,97
881,altruism,89,232,100,1,97
882,fear,-231,51,91,1,94
882,altruism,107,38,84,0,94
883,fear,-41,-59,100,0,95
883,altruism,137,72,100,0,95
884,fear,1,231,100,100,91
884,altruism,241,-5,100,100,91
885,fear,-214,198,100,0,100
885,altruism,224,223,100,0,100
886,fear,-190,216,100,0,90
886,altruism,41,192,100,0,90
887,fear,-2,0,93,5,94
887,altruism,1,3,91,5,94
888,fear,-244,209,100,0,96
888,altruism,161,50,100,0,96
889,fear,-226,228,100,15,100
889,altruism,215,49,100,100,100
890,fear,-55,-1,30,61,40
890,altruism,72,7,57,52,40
891,fear,-161,176,100,0,96
891,altruism,142,190,100,0,96
892,fear,-102,-179,99,95,100
892,altruism,-12,-33,91,5,100
893,fear,-174,-184,95,16,3
893,altruism,222,233,100,100,3
894,fear,-177,-1,100,13,100
894,altruism,205,-4,100,7,100
895,fear,-26,33,100,0,100
895,altruism,44,25,100,0,100
896,fear,-242,241,100,0,100
896,altruism,246,151,100,0,100
897,fear,-211,192,90,98,83
897,altruism,241,242,91,95,83
898,fear,-204,216,96,13,100
898,altruism,141,178,97,3,100
900,fear,-237,153,99,3,92
900,altruism,242,159,100,1,92
902,fear,200,-2,99,0,97
902,altruism,37,1,100,0,97
903,fear,-170,137,94,85,92
903,altruism,115,148,95,98,92
904,fear,-185,150,91,91,88
904,altruism,161,141,82,87,88
905,fear,-248,173,100,80,100
905,altruism,28,34,100,39,100
906,fear,-196,206,95,93,92
906,altruism,172,127,99,99,92
908,fear,1,0,100,0,81
908,altruism,242,-3,81,0,81
909,fear,-234,235,91,70,74
909,altruism,207,143,91,87,74
910,fear,-234,3,99,0,100
910,altruism,152,-2,99,0,100
911,fear,-224,225,80,81,76
911,altruism,95,53,66,68,76
912,fear,-249,74,70,20,30
912,altruism,88,-2,70,51,30
913,fear,-224,76,91,9,88
913,altruism,54,20,90,6,88
914,fear,-240,235,100,100,100
914,altruism,236,230,100,100,100
915,fear,-229,-217,82,81,90
915,altruism,244,220,90,82,90
916,fear,-221,169,100,10,100
916,altruism,219,1,100,50,100
917,fear,-230,-227,96,100,94
917,altruism,176,0,93,100,94
918,fear,-224,222,90,0,80
918,altruism,139,154,100,0,80
919,fear,-170,139,85,70,81
919,altruism,206,141,80,71,81
921,fear,-212,3,82,38,59
921,altruism,235,-5,84,5,59
922,fear,-236,0,96,100,99
922,altruism,210,1,80,80,99
923,fear,-220,202,80,0,80
923,altruism,63,124,80,0,80
924,fear,-128,132,80,40,90
924,altruism,191,109,90,100,90
925,fear,-223,27,100,0,96
925,altruism,131,2,100,0,96
926,fear,2,1,100,0,100
926,altruism,134,1,100,0,100
927,fear,-248,249,86,78,85
927,altruism,241,178,100,97,85
928,fear,-205,137,100,0,10
928,altruism,211,89,100,91,10
929,fear,-114,8,10,65,5
929,altruism,84,-1,24,23,5
930,fear,-210,220,33,74,90
930,altruism,164,177,71,62,90
931,fear,-219,219,58,76,79
931,altruism,217,217,64,75,79
932,fear,-123,-211,93,1,35
932,altruism,179,185,100,0,35
933,fear,-230,234,90,0,70
933,altruism,234,-116,80,0,70
934,fear,-221,224,100,0,91
934,altruism,184,126,100,0,91
935,fear,-197,241,100,0,100
935,altruism,90,-153,100,0,100
936,fear,-51,92,100,100,89
936,altruism,195,111,100,100,89
937,fear,2,-1,99,97,95
937,altruism,5,0,100,1,95
938,fear,14,185,75,90,70
938,altruism,226,229,84,93,70
939,fear,-236,237,99,0,90
939,altruism,230,231,99,1,90
940,fear,-18,110,100,10,100
940,altruism,144,30,100,20,100
941,fear,-195,0,100,0,91
941,altruism,239,-1,100,0,91
942,fear,-216,217,100,0,91
942,altruism,211,64,100,0,91
943,fear,-65,100,100,0,12
943,altruism,111,67,90,0,12
944,fear,-211,50,18,2,69
944,altruism,-20,35,31,4,69
945,fear,124,0,100,0,83
945,altruism,235,-1,100,0,83
946,fear,-78,132,100,1,96
946,altruism,139,-22,100,0,96
947,fear,-247,246,90,0,91
947,altruism,3,1,98,0,91
948,fear,-225,212,100,0,92
948,altruism,154,-73,100,0,92
949,fear,-134,148,71,70,69
949,altruism,-69,-55,53,62,69
950,fear,19,86,100,100,100
950,altruism,145,234,100,31,100
951,fear,-64,29,80,5,72
951,altruism,159,83,70,3,72
952,fear,-94,102,95,100,97
952,altruism,199,65,99,100,97
953,fear,-145,121,91,2,93
953,altruism,136,116,91,1,93
954,fear,176,180,100,98,100
954,altruism,224,203,100,0,100
955,fear,-225,144,100,98,83
955,altruism,-147,115,100,100,83
956,fear,-110,123,90,0,70
956,altruism,74,112,80,0,70
957,fear,0,235,100,0,81
957,altruism,124,8,100,0,81
958,fear,212,50,100,1,57
958,altruism,226,234,100,0,57
959,fear,-237,239,99,1,92
959,altruism,198,190,98,2,92
960,fear,-116,76,100,0,90
960,altruism,122,6,99,0,90
961,fear,-191,181,90,90,90
961,altruism,109,172,90,90,90
962,fear,7,88,100,0,98
962,altruism,6,159,100,0,98
963,fear,-132,-192,100,1,100
963,altruism,-6,63,100,4,100
964,fear,-221,-1,100,100,100
964,altruism,216,0,100,100,100
965,fear,-173,207,100,0,100
965,altruism,202,55,100,2,100
966,fear,-232,233,98,94,92
966,altruism,137,-38,98,95,92
967,fear,-245,243,100,0,100
967,altruism,204,15,100,0,100
968,fear,-132,181,100,0,100
968,altruism,199,104,100,0,100
969,fear,0,-5,100,0,90
969,altruism,8,0,100,0,90
970,fear,-238,137,85,40,90
970,altruism,204,46,83,32,90
971,fear,-129,244,90,47,74
971,altruism,76,52,100,30,74
972,fear,-245,232,100,9,94
972,altruism,241,242,100,51,94
973,fear,-221,229,100,0,80
973,altruism,227,239,100,59,80
974,fear,-154,117,100,10,80
974,altruism,127,162,100,60,80
975,fear,-227,218,100,0,100
975,altruism,243,-1,100,0,100
976,fear,-186,63,90,51,97
976,altruism,62,47,94,50,97
977,fear,-52,17,100,0,100
977,altruism,66,27,100,0,100
978,fear,-4,171,80,31,80
978,altruism,87,165,80,53,80
979,fear,-117,42,81,18,94
979,altruism,85,20,87,72,94
980,fear,57,-232,100,0,100
980,altruism,246,-240,100,0,100
981,fear,-199,221,86,87,88
981,altruism,92,78,89,86,88
982,fear,-137,234,97,0,95
982,altruism,153,71,100,0,95
983,fear,-147,154,100,20,90
983,altruism,71,125,100,20,90
984,fear,-190,170,100,0,100
984,altruism,225,66,100,0,100
985,fear,-240,211,100,100,92
985,altruism,231,120,100,100,92
986,fear,-218,-3,100,96,98
986,altruism,115,6,100,83,98
987,fear,-242,-6,70,0,30
987,altruism,244,1,70,20,30
988,fear,2,1,100,0,35
988,altruism,28,0,100,0,35
989,fear,-244,243,100,0,95
989,altruism,242,243,100,0,95
990,fear,-166,-216,86,0,0
990,altruism,59,-92,91,0,0
991,fear,-198,164,89,96,91
991,altruism,172,42,80,87,91
992,fear,0,213,100,0,90
992,altruism,241,1,100,100,90
993,fear,-238,170,100,0,100
993,altruism,216,57,100,0,100
994,fear,-191,198,100,0,95
994,altruism,95,1,100,0,95
995,fear,-216,195,100,0,100
995,altruism,193,101,100,0,100
996,fear,-198,-211,100,16,100
996,altruism,138,117,100,0,100
997,fear,-237,-237,100,0,100
997,altruism,238,-2,100,0,100
998,fear,-181,-209,95,99,95
998,altruism,210,-214,97,68,95
999,fear,-130,-77,100,0,100
999,altruism,-60,17,100,0,100
1000,fear,-233,-223,100,0,100
1000,altruism,24,40,100,0,100
